Alan,returned,Henry and Mudge
Alan,returned,kid writes diary
Book,taken,Diary of a wimpy kid
Book,taken,Diary of a wimpy kid
Alan,returned,this is a sad day
fasdf,taken,Bone
fasdf,taken,Diary of a wimpy kid
fasdf,taken,Bone
fasdf,taken,Henry and Mudge
fasdf,taken,Diary of a wimpy kid
fasfds,taken,Bone
fasfds,taken,Diary of a wimpy kid
fasfds,taken,Henry and Mudge
fasdfa,taken,Bone
fasdfa,taken,Diary of a wimpy kid
fasdfasf,taken,Bone
fasdf,taken,Diary of a wimpy kid
fasdf,returned,Diary of a wimpy kid
fasdf,taken,Bone
fasdf,returned,Bone
asfasdfasdfas,taken,Diary of a wimpy kid
asfasdfasdfas,taken,Bone
asfasdfasdfas,taken,Henry and Mudge
asfasdfasdfas,returned,Henry and Mudge
asfasdfasdfas,returned,Bone
MainGuy,taken,Henry and Mudge
MainGuy,taken,Bone
fasdfas,taken,Bone
fasdfas,taken,Diary of a wimpy kid
Alan,taken,Bone
Alan,taken,Henry and Mudge
Alan,returned,Henry and Mudge
Alan,returned,Bone